{"timestamp": 1771458491.2258997, "last_beat": "2026-02-18T20:48:11.225967", "pid": 1}