{"timestamp": 1773418625.8781214, "last_beat": "2026-03-13T13:17:05.878124", "pid": 1}