{"timestamp": 1771003565.8584375, "last_beat": "2026-02-13T14:26:05.858441", "pid": 8}